[
  {
      "companyId": 1,
      "companyName": "QUINTO ENERGY LTDA",
      "businessAreaId": 6,
      "businessAreaName": "ADMINISTRATIVO FINANCEIRO",
      "projectId": 14,
      "projectName": "ENERGY GESTÃO",
      "groupCompanyId": 1,
      "groupCompanyName": "GRUPO QUINTO",
      "holdingId": null,
      "holdingName": null,
      "subsidiaryId": null,
      "subsidiaryName": null,
      "businessTypeId": 3,
      "businessTypeName": "GESTÃO",
      "clientId": 35,
      "clientName": "RUBENS PESSOA FERREIRA",
      "billId": 458,
      "installmentId": 3,
      "documentIdentificationId": "NFE ",
      "documentIdentificationName": "NOTA FISCAL ELETRÔNICA DE MERCADORIA",
      "documentNumber": "51",
      "documentForecast": "N",
      "originId": "NE",
      "originalAmount": 884,
      "discountAmount": 0,
      "taxAmount": 0,
      "indexerId": 0,
      "indexerName": "REAL",
      "dueDate": "2024-12-10",
      "issueDate": "2024-09-26",
      "billDate": "2024-09-26",
      "installmentBaseDate": "2024-09-01",
      "balanceAmount": 884,
      "correctedBalanceAmount": 884,
      "periodicityType": "M",
      "embeddedInterestAmount": 0,
      "interestType": "N",
      "interestRate": 0,
      "correctionType": "M",
      "interestBaseDate": null,
      "defaulterSituation": "Normal",
      "subJudicie": "N",
      "mainUnit": null,
      "installmentNumber": "3",
      "paymentTerm": {
          "id": "PM",
          "descrition": "Parcelas Mensais"
      },
      "receipts": [],
      "receiptsCategories": [
          {
              "costCenterId": 18,
              "costCenterName": "GESTÃO ADM - ADMINISTRATIVO FINANCEIRO",
              "financialCategoryId": "1020403",
              "financialCategoryName": "Móveis e Utensílios",
              "financialCategoryReducer": "N",
              "financialCategoryType": "R",
              "financialCategoryRate": 100
          }
      ],
      "bearerId": 1
  },
  {
      "companyId": 1,
      "companyName": "QUINTO ENERGY LTDA",
      "businessAreaId": 6,
      "businessAreaName": "ADMINISTRATIVO FINANCEIRO",
      "projectId": 14,
      "projectName": "ENERGY GESTÃO",
      "groupCompanyId": 1,
      "groupCompanyName": "GRUPO QUINTO",
      "holdingId": null,
      "holdingName": null,
      "subsidiaryId": null,
      "subsidiaryName": null,
      "businessTypeId": 3,
      "businessTypeName": "GESTÃO",
      "clientId": 37,
      "clientName": "Michele Santana Santos",
      "billId": 513,
      "installmentId": 1,
      "documentIdentificationId": "NFE ",
      "documentIdentificationName": "NOTA FISCAL ELETRÔNICA DE MERCADORIA",
      "documentNumber": "57",
      "documentForecast": "N",
      "originId": "NE",
      "originalAmount": 2400,
      "discountAmount": 0,
      "taxAmount": 0,
      "indexerId": 0,
      "indexerName": "REAL",
      "dueDate": "2025-03-27",
      "issueDate": "2025-03-27",
      "billDate": "2025-03-27",
      "installmentBaseDate": "2025-03-01",
      "balanceAmount": 2400,
      "correctedBalanceAmount": 2400,
      "periodicityType": "M",
      "embeddedInterestAmount": 0,
      "interestType": "N",
      "interestRate": 0,
      "correctionType": "M",
      "interestBaseDate": null,
      "defaulterSituation": "Normal",
      "subJudicie": "N",
      "mainUnit": null,
      "installmentNumber": "1",
      "paymentTerm": {
          "id": "PM",
          "descrition": "Parcelas Mensais"
      },
      "receipts": [],
      "receiptsCategories": [
          {
              "costCenterId": 18,
              "costCenterName": "GESTÃO ADM - ADMINISTRATIVO FINANCEIRO",
              "financialCategoryId": "1010106",
              "financialCategoryName": "Receitas de Ativo",
              "financialCategoryReducer": "N",
              "financialCategoryType": "R",
              "financialCategoryRate": 100
          }
      ],
      "bearerId": 1
  },
  {
      "companyId": 1,
      "companyName": "QUINTO ENERGY LTDA",
      "businessAreaId": 6,
      "businessAreaName": "ADMINISTRATIVO FINANCEIRO",
      "projectId": 14,
      "projectName": "ENERGY GESTÃO",
      "groupCompanyId": 1,
      "groupCompanyName": "GRUPO QUINTO",
      "holdingId": null,
      "holdingName": null,
      "subsidiaryId": null,
      "subsidiaryName": null,
      "businessTypeId": 3,
      "businessTypeName": "GESTÃO",
      "clientId": 38,
      "clientName": "Domingos de Andrade Mainart",
      "billId": 514,
      "installmentId": 1,
      "documentIdentificationId": "NFE ",
      "documentIdentificationName": "NOTA FISCAL ELETRÔNICA DE MERCADORIA",
      "documentNumber": "58",
      "documentForecast": "N",
      "originId": "NE",
      "originalAmount": 2100,
      "discountAmount": 0,
      "taxAmount": 0,
      "indexerId": 0,
      "indexerName": "REAL",
      "dueDate": "2025-03-28",
      "issueDate": "2025-03-28",
      "billDate": "2025-03-28",
      "installmentBaseDate": "2025-03-01",
      "balanceAmount": 2100,
      "correctedBalanceAmount": 2100,
      "periodicityType": "M",
      "embeddedInterestAmount": 0,
      "interestType": "N",
      "interestRate": 0,
      "correctionType": "M",
      "interestBaseDate": null,
      "defaulterSituation": "Normal",
      "subJudicie": "N",
      "mainUnit": null,
      "installmentNumber": "1",
      "paymentTerm": {
          "id": "PM",
          "descrition": "Parcelas Mensais"
      },
      "receipts": [],
      "receiptsCategories": [
          {
              "costCenterId": 18,
              "costCenterName": "GESTÃO ADM - ADMINISTRATIVO FINANCEIRO",
              "financialCategoryId": "1010106",
              "financialCategoryName": "Receitas de Ativo",
              "financialCategoryReducer": "N",
              "financialCategoryType": "R",
              "financialCategoryRate": 100
          }
      ],
      "bearerId": 1
  },
  {
      "companyId": 1,
      "companyName": "QUINTO ENERGY LTDA",
      "businessAreaId": 6,
      "businessAreaName": "ADMINISTRATIVO FINANCEIRO",
      "projectId": 14,
      "projectName": "ENERGY GESTÃO",
      "groupCompanyId": 1,
      "groupCompanyName": "GRUPO QUINTO",
      "holdingId": null,
      "holdingName": null,
      "subsidiaryId": null,
      "subsidiaryName": null,
      "businessTypeId": 3,
      "businessTypeName": "GESTÃO",
      "clientId": 39,
      "clientName": "CADUDA CONTROLADORIA EMPRESARIAL LTDA",
      "billId": 515,
      "installmentId": 1,
      "documentIdentificationId": "NFE ",
      "documentIdentificationName": "NOTA FISCAL ELETRÔNICA DE MERCADORIA",
      "documentNumber": "59",
      "documentForecast": "N",
      "originId": "NE",
      "originalAmount": 1000,
      "discountAmount": 0,
      "taxAmount": 0,
      "indexerId": 0,
      "indexerName": "REAL",
      "dueDate": "2025-04-01",
      "issueDate": "2025-04-01",
      "billDate": "2025-04-01",
      "installmentBaseDate": "2025-04-01",
      "balanceAmount": 1000,
      "correctedBalanceAmount": 1000,
      "periodicityType": "M",
      "embeddedInterestAmount": 0,
      "interestType": "N",
      "interestRate": 0,
      "correctionType": "M",
      "interestBaseDate": null,
      "defaulterSituation": "Normal",
      "subJudicie": "N",
      "mainUnit": null,
      "installmentNumber": "1",
      "paymentTerm": {
          "id": "PM",
          "descrition": "Parcelas Mensais"
      },
      "receipts": [],
      "receiptsCategories": [
          {
              "costCenterId": 18,
              "costCenterName": "GESTÃO ADM - ADMINISTRATIVO FINANCEIRO",
              "financialCategoryId": "1010106",
              "financialCategoryName": "Receitas de Ativo",
              "financialCategoryReducer": "N",
              "financialCategoryType": "R",
              "financialCategoryRate": 100
          }
      ],
      "bearerId": 1
  },
  {
      "companyId": 1,
      "companyName": "QUINTO ENERGY LTDA",
      "businessAreaId": 6,
      "businessAreaName": "ADMINISTRATIVO FINANCEIRO",
      "projectId": 14,
      "projectName": "ENERGY GESTÃO",
      "groupCompanyId": 1,
      "groupCompanyName": "GRUPO QUINTO",
      "holdingId": null,
      "holdingName": null,
      "subsidiaryId": null,
      "subsidiaryName": null,
      "businessTypeId": 3,
      "businessTypeName": "GESTÃO",
      "clientId": 40,
      "clientName": "Wyllk Ravely Ribeiro Antunes Franca",
      "billId": 521,
      "installmentId": 1,
      "documentIdentificationId": "NFE ",
      "documentIdentificationName": "NOTA FISCAL ELETRÔNICA DE MERCADORIA",
      "documentNumber": "60",
      "documentForecast": "N",
      "originId": "NE",
      "originalAmount": 9500,
      "discountAmount": 0,
      "taxAmount": 0,
      "indexerId": 0,
      "indexerName": "REAL",
      "dueDate": "2025-04-04",
      "issueDate": "2025-04-04",
      "billDate": "2025-04-04",
      "installmentBaseDate": "2025-04-01",
      "balanceAmount": 9500,
      "correctedBalanceAmount": 9500,
      "periodicityType": "M",
      "embeddedInterestAmount": 0,
      "interestType": "N",
      "interestRate": 0,
      "correctionType": "M",
      "interestBaseDate": null,
      "defaulterSituation": "Normal",
      "subJudicie": "N",
      "mainUnit": null,
      "installmentNumber": "1",
      "paymentTerm": {
          "id": "PM",
          "descrition": "Parcelas Mensais"
      },
      "receipts": [],
      "receiptsCategories": [
          {
              "costCenterId": 18,
              "costCenterName": "GESTÃO ADM - ADMINISTRATIVO FINANCEIRO",
              "financialCategoryId": "1010106",
              "financialCategoryName": "Receitas de Ativo",
              "financialCategoryReducer": "N",
              "financialCategoryType": "R",
              "financialCategoryRate": 100
          }
      ],
      "bearerId": 1
  },
  {
      "companyId": 1,
      "companyName": "QUINTO ENERGY LTDA",
      "businessAreaId": 6,
      "businessAreaName": "ADMINISTRATIVO FINANCEIRO",
      "projectId": 14,
      "projectName": "ENERGY GESTÃO",
      "groupCompanyId": 1,
      "groupCompanyName": "GRUPO QUINTO",
      "holdingId": null,
      "holdingName": null,
      "subsidiaryId": null,
      "subsidiaryName": null,
      "businessTypeId": 3,
      "businessTypeName": "GESTÃO",
      "clientId": 41,
      "clientName": "DROGAMASTER MEDICAMENTOS E COSMETICOS LTDA",
      "billId": 524,
      "installmentId": 1,
      "documentIdentificationId": "NFE ",
      "documentIdentificationName": "NOTA FISCAL ELETRÔNICA DE MERCADORIA",
      "documentNumber": "62",
      "documentForecast": "N",
      "originId": "NE",
      "originalAmount": 4000,
      "discountAmount": 0,
      "taxAmount": 0,
      "indexerId": 0,
      "indexerName": "REAL",
      "dueDate": "2025-04-04",
      "issueDate": "2025-04-04",
      "billDate": "2025-04-04",
      "installmentBaseDate": "2025-04-01",
      "balanceAmount": 4000,
      "correctedBalanceAmount": 4000,
      "periodicityType": "M",
      "embeddedInterestAmount": 0,
      "interestType": "N",
      "interestRate": 0,
      "correctionType": "M",
      "interestBaseDate": null,
      "defaulterSituation": "Normal",
      "subJudicie": "N",
      "mainUnit": null,
      "installmentNumber": "1",
      "paymentTerm": {
          "id": "PM",
          "descrition": "Parcelas Mensais"
      },
      "receipts": [],
      "receiptsCategories": [
          {
              "costCenterId": 18,
              "costCenterName": "GESTÃO ADM - ADMINISTRATIVO FINANCEIRO",
              "financialCategoryId": "1010106",
              "financialCategoryName": "Receitas de Ativo",
              "financialCategoryReducer": "N",
              "financialCategoryType": "R",
              "financialCategoryRate": 100
          }
      ],
      "bearerId": 1
  },
  {
      "companyId": 1,
      "companyName": "QUINTO ENERGY LTDA",
      "businessAreaId": 6,
      "businessAreaName": "ADMINISTRATIVO FINANCEIRO",
      "projectId": 14,
      "projectName": "ENERGY GESTÃO",
      "groupCompanyId": 1,
      "groupCompanyName": "GRUPO QUINTO",
      "holdingId": null,
      "holdingName": null,
      "subsidiaryId": null,
      "subsidiaryName": null,
      "businessTypeId": 3,
      "businessTypeName": "GESTÃO",
      "clientId": 43,
      "clientName": "ALEX LEAL SANTOS",
      "billId": 525,
      "installmentId": 1,
      "documentIdentificationId": "NFE ",
      "documentIdentificationName": "NOTA FISCAL ELETRÔNICA DE MERCADORIA",
      "documentNumber": "63",
      "documentForecast": "N",
      "originId": "NE",
      "originalAmount": 1300,
      "discountAmount": 300,
      "taxAmount": 0,
      "indexerId": 0,
      "indexerName": "REAL",
      "dueDate": "2025-04-04",
      "issueDate": "2025-04-04",
      "billDate": "2025-04-04",
      "installmentBaseDate": "2025-04-01",
      "balanceAmount": 1300,
      "correctedBalanceAmount": 1300,
      "periodicityType": "M",
      "embeddedInterestAmount": 0,
      "interestType": "N",
      "interestRate": 0,
      "correctionType": "M",
      "interestBaseDate": null,
      "defaulterSituation": "Normal",
      "subJudicie": "N",
      "mainUnit": null,
      "installmentNumber": "1",
      "paymentTerm": {
          "id": "PM",
          "descrition": "Parcelas Mensais"
      },
      "receipts": [],
      "receiptsCategories": [
          {
              "costCenterId": 18,
              "costCenterName": "GESTÃO ADM - ADMINISTRATIVO FINANCEIRO",
              "financialCategoryId": "1010106",
              "financialCategoryName": "Receitas de Ativo",
              "financialCategoryReducer": "N",
              "financialCategoryType": "R",
              "financialCategoryRate": 100
          }
      ],
      "bearerId": 1
  },
  {
      "companyId": 1,
      "companyName": "QUINTO ENERGY LTDA",
      "businessAreaId": 6,
      "businessAreaName": "ADMINISTRATIVO FINANCEIRO",
      "projectId": 14,
      "projectName": "ENERGY GESTÃO",
      "groupCompanyId": 1,
      "groupCompanyName": "GRUPO QUINTO",
      "holdingId": null,
      "holdingName": null,
      "subsidiaryId": null,
      "subsidiaryName": null,
      "businessTypeId": 3,
      "businessTypeName": "GESTÃO",
      "clientId": 44,
      "clientName": "EDILANE GOMES SANTANA DOS SANTOS",
      "billId": 526,
      "installmentId": 1,
      "documentIdentificationId": "NFE ",
      "documentIdentificationName": "NOTA FISCAL ELETRÔNICA DE MERCADORIA",
      "documentNumber": "64",
      "documentForecast": "N",
      "originId": "NE",
      "originalAmount": 2000,
      "discountAmount": 0,
      "taxAmount": 0,
      "indexerId": 0,
      "indexerName": "REAL",
      "dueDate": "2025-04-04",
      "issueDate": "2025-04-04",
      "billDate": "2025-04-04",
      "installmentBaseDate": "2025-04-01",
      "balanceAmount": 2000,
      "correctedBalanceAmount": 2000,
      "periodicityType": "M",
      "embeddedInterestAmount": 0,
      "interestType": "N",
      "interestRate": 0,
      "correctionType": "M",
      "interestBaseDate": null,
      "defaulterSituation": "Normal",
      "subJudicie": "N",
      "mainUnit": null,
      "installmentNumber": "1",
      "paymentTerm": {
          "id": "PM",
          "descrition": "Parcelas Mensais"
      },
      "receipts": [],
      "receiptsCategories": [
          {
              "costCenterId": 18,
              "costCenterName": "GESTÃO ADM - ADMINISTRATIVO FINANCEIRO",
              "financialCategoryId": "1010106",
              "financialCategoryName": "Receitas de Ativo",
              "financialCategoryReducer": "N",
              "financialCategoryType": "R",
              "financialCategoryRate": 100
          }
      ],
      "bearerId": 1
  }
]